date,total,registered,registered_other_key,not_registered,unknown
2026-06-04,80,12,10,30,28
2026-06-05,80,13,11,31,25
2026-06-06,80,14,12,32,22
2026-06-07,80,15,13,33,19
2026-06-08,80,16,14,34,16
2026-06-09,80,17,10,35,18
2026-06-10,80,18,11,36,15
2026-06-11,80,12,12,37,19
2026-06-12,80,13,13,38,16
2026-06-13,80,14,14,39,13
2026-06-14,80,15,10,40,15
2026-06-15,80,16,11,30,23
2026-06-16,80,17,12,31,20
2026-06-17,80,18,13,32,17
2026-06-18,80,12,14,33,21
2026-06-19,80,13,10,34,23
2026-06-20,80,14,11,35,20
2026-06-21,80,15,12,36,17
2026-06-22,80,16,13,37,14
2026-06-23,80,17,14,38,11
2026-06-24,80,18,10,39,13
2026-06-25,80,12,11,40,17
2026-06-26,80,13,12,30,25
2026-06-27,80,14,13,31,22
2026-06-28,80,15,14,32,19
2026-06-29,80,16,10,33,21
2026-06-30,80,17,11,34,18
2026-07-01,80,18,12,35,15
2026-07-02,80,12,13,36,19
2026-07-03,80,13,14,37,16
2026-07-04,80,14,10,38,18
2026-07-05,80,15,11,39,15
2026-07-06,80,16,12,40,12
2026-07-07,80,17,13,30,20
2026-07-08,80,18,14,31,17
2026-07-09,80,12,10,32,26
2026-07-10,80,13,11,33,23
2026-07-11,80,14,12,34,20
2026-07-12,80,15,13,35,17
2026-07-13,80,16,14,36,14
2026-07-14,79,17,10,37,15
2026-07-15,79,18,11,38,12
2026-07-16,79,12,12,39,16
2026-07-17,79,13,13,40,13
2026-07-18,79,14,14,30,21
2026-07-19,79,15,10,31,23
2026-07-20,79,16,11,32,20
2026-07-21,79,17,12,33,17
2026-07-22,79,18,13,34,14
2026-07-23,79,12,14,35,18
2026-07-24,79,13,10,36,20
2026-07-25,79,14,11,37,17
2026-07-26,79,15,12,38,14
2026-07-27,79,16,13,39,11
2026-07-28,79,17,14,40,8
2026-07-29,79,18,10,30,21
2026-07-30,79,12,11,31,25
2026-07-31,79,13,12,32,22
2026-08-01,79,14,13,33,19
2026-08-02,79,15,14,34,16
2026-08-03,79,16,10,35,18
2026-08-04,79,17,11,36,15
2026-08-05,79,18,12,37,12
2026-08-06,79,12,13,38,16
2026-08-07,79,13,14,39,13
2026-08-08,79,14,10,40,15
2026-08-09,79,15,11,30,23
2026-08-10,79,16,12,31,20
2026-08-11,79,17,13,32,17
2026-08-12,79,18,14,33,14
2026-08-13,79,12,10,34,23
2026-08-14,79,13,11,35,20
2026-08-15,79,14,12,36,17
2026-08-16,79,15,13,37,14
2026-08-17,79,16,14,38,11
2026-08-18,79,17,10,39,13
2026-08-19,79,18,11,40,10
2026-08-20,79,12,12,30,25
2026-08-21,79,13,13,31,22
2026-08-22,79,14,14,32,19
2026-08-23,78,15,10,33,20
2026-08-24,78,16,11,34,17
2026-08-25,78,17,12,35,14
2026-08-26,78,18,13,36,11
2026-08-27,78,12,14,37,15
2026-08-28,78,13,10,38,17
2026-08-29,78,14,11,39,14
2026-08-30,78,15,12,40,11
2026-08-31,78,16,13,30,19
2026-09-01,78,17,14,31,16
2026-09-02,78,18,10,32,18
2026-09-03,78,12,11,33,22
2026-09-04,78,13,12,34,19
2026-09-05,78,14,13,35,16
2026-09-06,78,15,14,36,13
2026-09-07,78,16,10,37,15
2026-09-08,78,17,11,38,12
2026-09-09,78,18,12,39,9
2026-09-10,78,12,13,40,13
2026-09-11,78,13,14,30,21
2026-09-12,78,14,10,31,23
2026-09-13,78,15,11,32,20
2026-09-14,78,16,12,33,17
2026-09-15,78,17,13,34,14
2026-09-16,78,18,14,35,11
2026-09-17,78,12,10,36,20
2026-09-18,78,13,11,37,17
2026-09-19,78,14,12,38,14
2026-09-20,78,15,13,39,11
2026-09-21,78,16,14,40,8
2026-09-22,78,17,10,30,21
2026-09-23,78,18,11,31,18
2026-09-24,78,12,12,32,22
2026-09-25,78,13,13,33,19
2026-09-26,78,14,14,34,16
2026-09-27,78,15,10,35,18
2026-09-28,78,16,11,36,15
2026-09-29,78,17,12,37,12
2026-09-30,78,18,13,38,9
2026-10-01,78,12,14,39,13
